#,Team name you are evaluating ,Table number of team,Creativity ,Technical Skill ,Implementation,Clarity,Knowledge,Additional Comments,...,Start Date (UTC),Submit Date (UTC),Network ID
e4cd1dfc2bad22deb6c2c0f7b695ccce,Park Manager,12,9,9,10,7,9,,,2018-10-07 19:30:56,2018-10-07 19:36:23,b6171b6a50
407138f402d8b2b5a10dbae05bb73bfc,LLPro,74,8,8,8,8,8,,,2018-10-07 19:25:36,2018-10-07 19:34:10,8143c157ee
2c956b56ff6fa1ea6e73cc64aca9c11e,Course concepts detection,66,6,6,4,7,7,Google API,,2018-10-07 19:21:05,2018-10-07 19:31:09,76ea168141
bbe47824945e5138331236d45fe348ca,Instatude,47,6,4,4,6,5,poor freshmen,,2018-10-07 19:19:56,2018-10-07 19:30:50,b6171b6a50
80a7fd2063fd5d93cd35f57566aa2b7a,College fit,64,8,8,6,7,10,,,2018-10-07 19:17:50,2018-10-07 19:30:31,1fb3e4a7cd
83671a3ca050678933574aff4df21216,Image to haiku ,40,8,8,6,6,8,"Good idea. Fun not very useful, did not thread together overall concept. ",,2018-10-07 19:19:47,2018-10-07 19:29:27,abb1b00d99
4e879d743301ef38829454c27eb39941,Budget Crusher,52,2,3,3,3,3,Take picture of receipt and it spits out how much money you spent this month. Wasn‚Äôt even tested,,2018-10-07 19:24:58,2018-10-07 19:28:34,3ffc6f548d
2c786c7bde4670817fef729e4c93c71a,Smart class alarm clock,70,7,6,7,5,7,,,2018-10-07 19:21:02,2018-10-07 19:28:33,80c138e2e6
4cb2dc6fcb286ad512c8e3999bef0251,Quantum Connect,55,5,5,6,6,6,Help needed/provider matchmaker through chatbot linked to firebase,,2018-10-07 19:14:26,2018-10-07 19:26:36,4e518012d4
19733c0af4e35842a0d1cccffe4e3b8b,No show,22,1,1,1,1,1,No show,,2018-10-07 19:25:20,2018-10-07 19:25:56,8fdd791ab4
974101d5488ee1fae7912e280030d0e3,Room occupancy tracker,3,6,5,5,6,6,Number of people in a room,,2018-10-07 19:16:59,2018-10-07 19:25:51,78ebad9c87
92e6b336430163f1ad361c728eb78831,Trigger Happy,51,10,8,9,10,8,Really unique in a good way,,2018-10-07 19:20:41,2018-10-07 19:25:29,36957ee35f
4e954f7c662137313177fbc54ec3310d,No show,21,1,1,1,1,1,No show,,2018-10-07 19:23:37,2018-10-07 19:24:59,8fdd791ab4
1c42ebf931c8dc8991d5d2eef9b5d140,Chore.store,48,4,5,5,4,5,App that connects people to do chores for each other. Just front end. ,,2018-10-07 19:20:37,2018-10-07 19:24:55,3ffc6f548d
e2c6ee9847716e37c44998b9028d4bcf,Peerskills,49,5,7,7,8,7,"Resume skill scraper, good proof of concept",,2018-10-07 19:15:02,2018-10-07 19:24:38,54123a7b08
f7a92e60ceb2c245fd3e0ad38e30bfd0,No show,20,1,1,1,1,1,No show,,2018-10-07 19:21:33,2018-10-07 19:23:33,8fdd791ab4
69b818c3fbcabbc47df55979873ca64f,Vader,72,4,5,4,5,4,,,2018-10-07 19:19:57,2018-10-07 19:23:29,d598f4f032
a984526b000beb785c627da4de1b4ffe,Beep_Boop,17,8,5,5,7,4,"Nice idea, lacking execution due to complexity of idea",,2018-10-07 19:03:53,2018-10-07 19:23:19,f6c5f534fc
d1033c48ada5392a71295b48e60b86d2,PRRA,79,10,8,8,10,10,,,2018-10-07 19:15:23,2018-10-07 19:21:40,f9df8b4480
d237e6f1888857a534f8afa70b2547d3,Lazy-note,13,6,7,7,8,9,,,2018-10-07 19:18:57,2018-10-07 19:21:30,7cf0b98988
527ac2f7d0272cf6d9183e3c2420d705,shelterme,77,5,6,5,5,5,,,2018-10-07 19:17:16,2018-10-07 19:21:13,8143c157ee
3242bd07e82ed909f4e67cd85aa1c50d,Freetime,69,7,7,9,7,7,,,2018-10-07 19:16:02,2018-10-07 19:21:00,80c138e2e6
3a4ecdd7d30e698d0e29274d697a14a3,Goldilocks,65,8,7,8,7,8,Accuweather challenge,,2018-10-07 19:15:52,2018-10-07 19:20:59,76ea168141
997c5c96d45cdf06b5a4f899a151d417,Toxicity,54,4,4,5,4,5,"Scraped data from sub Reddit‚Äôs to rate it based on passion and positivity, then provided word cloud. ",,2018-10-07 19:14:35,2018-10-07 19:20:34,3ffc6f548d
de5ccf1d1515063184c3149dc9c8f5ff,Left,19,1,1,1,1,1,Left after they got their extra credit,,2018-10-07 19:19:14,2018-10-07 19:19:50,8fdd791ab4
9df29b4b73bec923e0574465e2f100dc,Flag.co,42,6,7,5,5,7,Cool gaming concept. They acknowledged they needed more work. Like the map application. Not but original idea ,,2018-10-07 19:13:58,2018-10-07 19:19:44,abb1b00d99
5fe9599c943d449cc4732b459cd89a39,LLPro,74,7,5,5,7,7,,,2018-10-07 19:13:35,2018-10-07 19:19:43,d598f4f032
2f5a3baca648a500ff1373032174452b,?,18,1,1,1,1,1,Missing team,,2018-10-07 19:18:13,2018-10-07 19:18:49,8fdd791ab4
55438dd85af6ab507bf9192fe7ffd074,Menumap,15,8,5,8,10,10,,,2018-10-07 19:17:45,2018-10-07 19:18:48,7cf0b98988
a1adf9e760699ce15af06f58ef80b125,Newton,2,5,7,8,8,9,Did exactly as GM asked,,2018-10-07 19:13:55,2018-10-07 19:18:04,3b50f91b37
3bab60a3e17d120b53c8d651ad0eb276,Peerskills,49,9,3,3,5,4,,,2018-10-07 19:09:05,2018-10-07 19:17:55,b6171b6a50
b6fbd86a724fd459b3327753825e818d,Newton,2,3,2,2,2,2,,,2018-10-07 19:14:38,2018-10-07 19:17:52,8fdd791ab4
71da76468bcf8c9413f008fda96cc277,Course concept detection using google api,66,7,8,6,8,8,,,2018-10-07 19:05:32,2018-10-07 19:17:45,1fb3e4a7cd
be778c2f4a30884969ad0aa9797f9ace,Funding secured ,23,8,8,6,9,9,,,2018-10-07 19:01:06,2018-10-07 19:17:30,0e59ed0a0c
0c5ddef8ac39cacd2dd3e130a8a3ad08,Not here,57,1,1,1,1,1,,,2018-10-07 19:17:04,2018-10-07 19:17:25,36957ee35f
e3f53fdef5ce9b695ef14e423288a880,Dining@psu,56,7,9,9,9,8,I would use this ,,2018-10-07 19:11:07,2018-10-07 19:16:57,36957ee35f
27aab4fb756d9ec0adcf90853e0cbaf3,Something about money,23,9,10,9,10,10,Very good presentation ,,2018-10-07 19:01:34,2018-10-07 19:16:56,ce9e2e554b
300298a6d690052f70f820cf52424ccd,Uniinsights,76,8,7,7,6,7,,,2018-10-07 19:07:29,2018-10-07 19:16:00,8143c157ee
1346fdcc96ae75b14c12363125673bd4,Course Concept DetectionUsing Google APIs ,66,6,5,4,6,6,,,2018-10-07 19:05:33,2018-10-07 19:15:59,80c138e2e6
1b55f63127c73581f00b4baf4c416b9a,College Fit,64,4,4,6,6,6,Vanguard challenge,,2018-10-07 19:03:15,2018-10-07 19:15:45,76ea168141
f4fa3a91d5164d2fad2dba4bb34b5eb2,NFL team selection,19,2,1,3,2,3,Hard coded,,2018-10-07 19:13:22,2018-10-07 19:15:27,78ebad9c87
3f30d8a75334b35dcb4460e1483aa988,A s s t h e t I c joi portable wii,62,10,10,10,10,10,,,2018-10-07 19:11:42,2018-10-07 19:14:51,7cf0b98988
eec4ddf763fbbc50d4e63d479495138d,Dining@PSU,56,3,4,6,6,5,Remade PSU Dining App,,2018-10-07 19:09:34,2018-10-07 19:14:21,4e518012d4
dc522825e8a34d9de5dfe4f5d9ea31ad,Trigger Happy,51,8,8,7,8,7,Prevents lethal shots,None,2018-10-07 19:08:03,2018-10-07 19:14:02,54123a7b08
dfa7c6b36427c7906975a90c82abe0c2,Can I go outside ,44,2,2,1,5,2,It doesn‚Äôt really do anything ,,2018-10-07 19:09:10,2018-10-07 19:13:56,abb1b00d99
e496f33688e19f1f82c6fbef4e2a195a,Auto car 2,1,10,9,9,8,9,Autonomous fire truck my dudes,,2018-10-07 19:07:22,2018-10-07 19:13:34,3b50f91b37
ae6e74e378cd036c4d1bc369eb2245bc,Klique,73,4,4,4,6,5,,,2018-10-07 19:02:51,2018-10-07 19:13:30,d598f4f032
3820cfdf252dbcbb7107f118d4e5608f,Image to a haiku ,40,7,5,5,5,5,It‚Äôs a cool idea but the code doesn‚Äôt work :(,,2018-10-07 19:07:27,2018-10-07 19:13:29,e1de7db634
918a898910fee2c878c2d55654e4738a,Auto Car 2,1,9,6,8,9,9,,,2018-10-07 19:05:35,2018-10-07 19:13:16,8fdd791ab4
24f9b1670526a88ee40939ee693cfc72,Image2Haiku,40,8,5,5,8,8,"Doesn‚Äôt work fully, but very unique idea, and all parts of the project work independently",,2018-10-07 19:05:31,2018-10-07 19:13:03,4279b6a7ee
b7f2082b568d6014a93012e86cfb671b,Behrend Blocks,32,7,7,7,8,7,Seems kinda like Minecraft? But this looks really good and is very creative!!,,2018-10-07 19:04:32,2018-10-07 19:11:59,1b1302423e
2bab9f55af6bb6f8c36ef5532462fd85,Quantum Connect,55,8,6,7,7,6,Messaging app that connects people of need of help during natural disasters with those able to help: well designed,,2018-10-07 19:02:35,2018-10-07 19:11:43,3ffc6f548d
24629d0aa302109c2938aace4a3e1ac3,ShelterMeNow,77,8,8,8,9,10,,,2018-10-07 19:03:41,2018-10-07 19:11:42,f9df8b4480
70ee7842abee4cda7c84932a62b9cb35,Beginner winners,61,5,6,7,7,8,,,2018-10-07 19:08:41,2018-10-07 19:11:30,7cf0b98988
47767686b45584a2ec2e73c017192abe,Quantum Connect,55,7,7,8,8,7,,,2018-10-07 19:01:09,2018-10-07 19:10:57,36957ee35f
7b3f290c98d9dc251de7be5147f9a6ea,Course cat,35,6,4,5,6,6,Course catalog system,,2018-10-07 19:03:51,2018-10-07 19:09:12,78ebad9c87
5501a886532dd86284484b6015411ee3,DndCombat,57,1,1,1,1,1,Was not there,,2018-10-07 19:07:43,2018-10-07 19:09:11,4e518012d4
2265b7ee8f6a9fda6baeaf2c2e992c30,Kidnopoly,39,5,4,4,1,2,Basically took monopoly and tried to make it a learning game. Didn‚Äôt end up working. Was in Chinese. Nothing moved and didn‚Äôt see a question. We‚Äôre not able to implement cloud ,,2018-10-07 19:07:34,2018-10-07 19:09:06,abb1b00d99
d4f41da950c39c1ca215a13fe2403e8c,AIODA,50,10,9,10,8,8,,,2018-10-07 19:00:31,2018-10-07 19:08:45,b6171b6a50
5663161968c7bbb2d7f259ba31846d12,Quantum connect,55,7,8,7,8,7,,,2018-10-07 19:06:16,2018-10-07 19:08:25,7cf0b98988
2b1a622afdeee7126c05162099dea780,Chore.store,48,7,8,6,9,5,"Proof of concept, facade",None,2018-10-07 19:00:19,2018-10-07 19:08:01,54123a7b08
209e5e0b66cdd1af8d15176180bac50e,47,47,1,1,1,1,1,Was not ready for demo when i went ,,2018-10-07 19:04:59,2018-10-07 19:07:56,61c397e1b5
40bd6991b48c6d28c8b9f0083614199c,Smart sentiment sensing stock service,59,1,1,1,1,1,Was not there,,2018-10-07 19:06:41,2018-10-07 19:07:35,4e518012d4
c0c5827a49ca3646dd6f175ae105545b,Team of grilians,45,4,6,6,6,6,,,2018-10-07 19:01:02,2018-10-07 19:07:23,e1de7db634
b635357e7a2d3decaf8538dc72ecfa31,Nathan Wagman,84,8,5,2,8,9,Rip this kid tried to work with audio codecs,,2018-10-07 18:59:36,2018-10-07 19:07:20,3b50f91b37
ccb748f4063bc8d45255db83f62632ad,Klique,73,7,6,7,6,6,,,2018-10-07 18:57:28,2018-10-07 19:07:19,8143c157ee
9228b18e841dad736c4495a2a59c36e4,Breakstops,58,3,3,3,3,3,Combined google maps distance time calculator and class schedule input to find rest breaks between classes,,2018-10-07 19:01:50,2018-10-07 19:06:39,4e518012d4
aec1626686485fdbbc9ea6c4d62f3a32,Breakstops,58,9,7,7,7,8,,,2018-10-07 19:04:13,2018-10-07 19:06:11,7cf0b98988
2c0652d1f1ca1c380acb9644be730332,College fifth,64,4,2,3,4,4,,,2018-10-07 18:56:55,2018-10-07 19:05:31,80c138e2e6
4ff811a08a8323f5c3a40dd3288be30d,LionAdvisor,82,6,3,4,7,6,,,2018-10-07 18:57:05,2018-10-07 19:04:45,8fdd791ab4
1eb219870b85f63075fbc39a1ee14a7d,College exchange,67,6,6,6,7,7,,,2018-10-07 18:57:00,2018-10-07 19:04:39,1fb3e4a7cd
c935a696cabcfe0f20857da29f1e968a,Natural Disaster bot,38,7,8,7,8,7,Very useful idea to help those who are facing issues in natural disasters,,2018-10-07 18:59:21,2018-10-07 19:04:38,4279b6a7ee
d84861067091c94d924989326df38238,Money saver,31,6,6,4,5,6,"Keep with it, but I‚Äôd like to see more options rather than obvious suggestions.",,2018-10-07 18:56:48,2018-10-07 19:04:27,1b1302423e
f26c8899fc4d85a8c197b17ea0c1e243,Dining@psu,56,5,8,8,10,10,,,2018-10-07 18:58:29,2018-10-07 19:04:09,7cf0b98988
760117e9c3229745dac18d6bea4c7164,Funding Secure,23,5,7,4,7,6,"Proof of concept is clear, but execution was lackluster. Unclear at time of how to execute in real time",,2018-10-07 18:52:19,2018-10-07 19:03:49,f6c5f534fc
25f2af28f5c6ecb0dae501e75762fd02,Maintain flow,34,9,8,8,10,9,Pretty awesome ticketing system ,,2018-10-07 18:56:22,2018-10-07 19:03:47,78ebad9c87
bfd6428467bd451ac0d2c39cc2aeb29e,28,28,1,1,1,1,1,,,2018-10-07 19:03:27,2018-10-07 19:03:46,3e44d83f38
0ea0ccae7bc37ab17b41d8ac028bf4d9,UniInsights,76,9,9,9,8,10,,,2018-10-07 18:54:02,2018-10-07 19:03:38,f9df8b4480
f2bee80efe0424ce10f1ce8e9a34715b,Lionadvisor,82,7,7,4,7,6,Nice concept proof,"   ",2018-10-07 18:58:10,2018-10-07 19:03:29,b0d756e951
1a297e41a4f45e000a79c20ddb3d7c6f,Ranger Assistant,63,7,4,6,8,6,,,2018-10-07 18:54:30,2018-10-07 19:03:11,76ea168141
e82a39d4c3d00ffeb2e0be39d6e77f84,Rush Guy,29,2,3,3,4,4,,,2018-10-07 18:48:56,2018-10-07 19:02:53,3e44d83f38
9f71fbd4b219cf566b1f4583b19083b4,Ride safe,71,5,5,4,7,7,,,2018-10-07 18:56:43,2018-10-07 19:02:49,d598f4f032
ecde6c7bea08f518800a09e99cf33521,Weatherornot,53,3,4,4,3,4,"Weather app that lets you choose vacation spot and then it gives price of flight and whether it will be sunny or cloudy, bare bones",,2018-10-07 18:59:17,2018-10-07 19:02:32,3ffc6f548d
3fd3acc55f8a713cbb5d7fe57d517c37,Seather,60,2,2,1,3,2,Doesn't actually work. Idea is to input schedule and send notifications of inclement weather between classes,,2018-10-07 18:55:53,2018-10-07 19:01:45,4e518012d4
8b488295cc63485ff6c4f5093a5d41ff,CaptialConnect ,33,7,6,7,6,7,Simple and cool idea. Looked not fun and some logistical problems. But overall good concept ,,2018-10-07 18:55:28,2018-10-07 19:01:15,abb1b00d99
b96a4390fe0ed27c4b4285271cf027c7,Square race ,26,4,4,4,4,3,,,2018-10-07 18:58:04,2018-10-07 19:01:03,0e59ed0a0c
1ba7e3271888bd732a0d220d1fbf41f1,Toxicity,54,9,9,9,9,9,"Very cool reddit social media search, would use",üòä,2018-10-07 18:51:26,2018-10-07 19:00:57,36957ee35f
622c77b1fca3a6debb2c05f9571115cb,The Gorillionaires,45,4,7,8,8,7,,,2018-10-07 18:56:11,2018-10-07 19:00:40,61c397e1b5
98ad2b662017156b82e58d071786e4e5,Budget crusher,52,4,4,4,5,4,Only had python console output,None,2018-10-07 18:55:03,2018-10-07 19:00:17,54123a7b08
2998553b7db93c0c3a33a7e78f6090d2,chore.store,48,4,4,7,4,4,,,2018-10-07 18:54:06,2018-10-07 19:00:17,b6171b6a50
b6986462b18e7f79b9d8544d24297beb,Foliate,83,9,8,8,10,8,Unique concept with a standard solu,,2018-10-07 18:55:08,2018-10-07 18:59:31,3b50f91b37
e1c537fb085b820569dc3d031d0c3681,A weather app,36,8,7,7,5,7,,,2018-10-07 18:55:37,2018-10-07 18:59:28,e1de7db634
7459a034a598dba3d92ea80ab7691f94,A Weather App,36,7,7,6,6,7,Used AR to bring weather to you indoors! Really cool!,,2018-10-07 18:54:40,2018-10-07 18:59:03,4279b6a7ee
0534077b45252b37df9b1519dcf53ff7,Roomoccupancytracker,3,7,8,7,8,8,Problem with admin portal (refreshed when it wasn‚Äôt supposed to),,2018-10-07 18:49:14,2018-10-07 18:58:37,1c26db3450
37876977747758ade9c5999d9cf44b5d,Breakstops,58,4,5,5,6,5,,,2018-10-07 18:51:24,2018-10-07 18:58:19,7cf0b98988
89be3557b909686d6c0bb3fb11551171,Today in History ,25,4,6,6,7,6,Done,,2018-10-07 18:55:05,2018-10-07 18:58:06,ce9e2e554b
e6dead9c80abb5434c71278710c3f5f3,Andrew,81,1,1,1,10,1,Didn't get anything busy doing hw,,2018-10-07 18:56:50,2018-10-07 18:58:05,b0d756e951
70b8c009c104d6d0c27f01460ac3764b,Today in history ,25,4,3,4,5,5,,,2018-10-07 18:55:01,2018-10-07 18:58:02,0e59ed0a0c
bab0fd8a857f3598e7c0b063405fb14b,ADK Designs,46,6,6,6,6,6,DESIGN CHALLENGE: but seemed pretty good imo,,2018-10-07 18:51:04,2018-10-07 18:58:01,3ffc6f548d
f7066291b4530eb9d963b5c2c28a6f34,Smart class alarM clock,70,10,9,9,10,9,,,2018-10-07 18:48:18,2018-10-07 18:56:57,1fb3e4a7cd
4f358e85db766f9ec6fe7159c4253763,Project godlelocks,65,6,5,4,7,6,,,2018-10-07 18:46:27,2018-10-07 18:56:52,80c138e2e6
06f0348cf075f813134a5d3321f314b9,Smart class alarm clock ,70,8,7,7,8,7,,,2018-10-07 18:48:51,2018-10-07 18:56:47,8143c157ee
b8e301b259182e3c844dcf81a57ca644,No show,80,1,1,1,1,1,No show,"  B",2018-10-07 18:56:18,2018-10-07 18:56:46,b0d756e951
7a41b6f2ee6d2bd7fa2ce6f7b0fa2935,\-,30,1,1,1,1,1,Not here,,2018-10-07 18:55:44,2018-10-07 18:56:45,1b1302423e
54d5723d366a657560104fd7357da42e,Course concept detector using google apis,66,3,4,2,3,3,,,2018-10-07 18:48:38,2018-10-07 18:56:32,d598f4f032
bba595bb794b4f9d8e5e67096df2e2ee,Foliate,83,8,5,8,8,5,New coders; put in effort and we‚Äôre honest about where they had to learn. Large team but only 3 really seemed to put in work ,,2018-10-07 18:46:15,2018-10-07 18:56:26,8fdd791ab4
5785a08d1fe133e8b7c5d3a08963656e,Personal restaurant,79,7,8,2,8,5,"Nice Yelp plus idea, less implement, but clearly effort",V. ,2018-10-07 18:49:31,2018-10-07 18:56:16,b0d756e951
497c55d94bf80f030860b064ef1b382c,43,43,5,7,4,6,5,,,2018-10-07 18:53:45,2018-10-07 18:56:06,61c397e1b5
ae840e82205f8f80cccc0fb95e5b5f5b,Be grand bocks,32,4,5,7,6,6,First time with unity,,2018-10-07 18:50:44,2018-10-07 18:56:06,78ebad9c87
12f343a9f8ae1fe9217f563579fe40ce,Toxicity,54,3,3,3,4,4,Scraped reddit comments and fed into google language api then printed results to website,,2018-10-07 18:47:36,2018-10-07 18:55:47,4e518012d4
9ff9f9c484cd961cbfe959b88e53d0b6,\-,28,1,1,1,1,1,Not here.,,2018-10-07 18:55:09,2018-10-07 18:55:41,1b1302423e
6933d9c3f97656461744d90a5c02e8e5,Natural disaster help,38,5,7,4,6,6,,,2018-10-07 18:51:40,2018-10-07 18:55:31,e1de7db634
14158f1b9173b442f67fa3c82af8e57f,Maintain flow ,34,8,9,9,9,9,"I think they did a really good job, good idea and execution and they explained the tech well too. Very helpful and were able to say future improvements too ",,2018-10-07 18:48:26,2018-10-07 18:55:20,abb1b00d99
3f99ca41fb9619e0fd9ab70a1a7f8158,Lion advisor,82,8,8,7,9,8,It‚Äôs a chatbot ü§∑üèª‚Äç‚ôÇÔ∏è,,2018-10-07 18:47:18,2018-10-07 18:55:04,3b50f91b37
c10b7c4d7421ff3454d7fa4e1858b606,Rush guy,29,4,4,3,4,6,"Keep learning! But just a bot to send things back in caps is kinda boring, try to be more creative!",,2018-10-07 18:49:38,2018-10-07 18:55:02,1b1302423e
1d4b1415f93da9fefd235bfe6b676fa9,Procedures ,24,4,2,4,8,4,Extra credit,,2018-10-07 18:47:19,2018-10-07 18:55:02,ce9e2e554b
dcd1ed77ecfc27965c56415f2a6d7122,Instatute,47,3,2,4,6,6,Uses AWS Bota3 to see if answers match solution for a tesr,None,2018-10-07 18:41:19,2018-10-07 18:55:00,54123a7b08
9e4e3c92fc7d756c29091c825123f44f,Persugerly ,24,5,3,4,3,4,,,2018-10-07 18:43:58,2018-10-07 18:54:58,0e59ed0a0c
6f96ff366a25a84e287a964136622a41,A E S T H E T I C Mii Portable Wii ,62,8,9,8,9,9,Honestly pretty cool. he got it to work pretty well,,2018-10-07 18:45:45,2018-10-07 18:54:27,76ea168141
a5242e60d07d3c1e149e570c226b5d26,Behrend Blocks,32,6,7,7,8,8,Nice simple physics game,,2018-10-07 18:51:59,2018-10-07 18:54:11,4279b6a7ee
dee8a77a14bd1e6528249903655d2b94,Vader,72,7,6,7,7,9,,,2018-10-07 18:48:32,2018-10-07 18:53:59,f9df8b4480
31de979ec8fa99316d2f3d455e959b94,Flag.go,42,7,7,6,6,7,,,2018-10-07 18:48:34,2018-10-07 18:53:40,61c397e1b5
0e629f888e538d0f14228f5192498e8d,Gorillionaire,45,8,9,10,9,10,:+1:,,2018-10-07 18:44:43,2018-10-07 18:52:26,f92fcd151a
089a10d410ebc2b8446913e39e44ab81,...,30,1,1,1,1,1,No show,,2018-10-07 18:46:56,2018-10-07 18:52:13,f6c5f534fc
f325eca22e9df2466c76354381f32753,Money Saver,31,3,6,6,8,7,Simple but clean app,,2018-10-07 18:48:43,2018-10-07 18:51:56,4279b6a7ee
0204903ec13c1a0e32f6161e3011e3be,Kidnopoly,39,8,8,7,7,8,For kids to learn compsci ,,2018-10-07 18:48:47,2018-10-07 18:51:38,e1de7db634
83cefeed69c4ac787a2fd93839e6d7f5,Rush guy,29,3,3,5,7,5,,,2018-10-07 18:45:33,2018-10-07 18:51:07,78003cfd59
c204326642e12946be3d5151139a5ab8,DuckieRodeo,51,7,8,6,7,7,RC car with live stream controlled through comp. had multiple drive modes like drunk driver and mirror. ,,2018-10-07 18:44:58,2018-10-07 18:51:01,3ffc6f548d
b18eefb18d65685b2c802a5efcf7f72d,WeatherOrNot,53,7,5,7,9,7,,üòë,2018-10-07 18:47:19,2018-10-07 18:50:57,36957ee35f
85b19ec09323ea5a25925c61a0b562ec,Seather,60,3,4,5,5,5,Another weather app,,2018-10-07 18:48:12,2018-10-07 18:50:47,7cf0b98988
2736a37ca145f854827fe7432f0e292a,Capital. Connect,33,7,6,5,8,8,Mix of gofundme and buying stocks,,2018-10-07 18:44:25,2018-10-07 18:50:37,78ebad9c87
d4039dba049f0f92c46f04b07bb313c3,\-,27,1,1,1,1,1,Not here.,,2018-10-07 18:48:41,2018-10-07 18:49:35,1b1302423e
aadb70e88ee4c0a8174bff9a583db2d3,No show,78,1,1,1,1,1,No show,No show,2018-10-07 18:48:54,2018-10-07 18:49:27,b0d756e951
9af2421ba3017787f43578df54418a74,30,30,1,1,1,1,1,,,2018-10-07 18:48:34,2018-10-07 18:48:54,3e44d83f38
89449984f1893527c597769b0d527b46,Sheltermenow,77,4,4,4,8,6,Ugh...it's ok I guedd,"  ",2018-10-07 18:43:08,2018-10-07 18:48:40,b0d756e951
9f625be01b79d15e23a8897682a88464,Square Race,26,5,4,4,6,5,Keep with it!,,2018-10-07 18:45:15,2018-10-07 18:48:39,1b1302423e
835277626572d4dc33e1573136e84126,College exchange,67,2,3,2,2,2,,,2018-10-07 18:42:33,2018-10-07 18:48:36,d598f4f032
d90c4c44210a80187b79deabe0001db9,Can i go outside ,44,2,3,2,2,3,Two of the teammates were high schoolers???????? ,,2018-10-07 18:46:13,2018-10-07 18:48:31,61c397e1b5
8d95a849fa340a0b1acc2f7ec28afee7,Money Saver,31,3,3,2,6,7,,,2018-10-07 18:46:29,2018-10-07 18:48:29,3e44d83f38
429b39664655de3120a6dda6e016217e,Llpro,74,9,9,8,7,10,,,2018-10-07 18:40:56,2018-10-07 18:48:29,f9df8b4480
291238e43dc7ba72aed6d7b888882812,A weatheR app ,36,5,5,5,4,6,They used a lot of APIs and some of them did not make sense in the same application. Cool concept though but not sure how much they coded themselves. ,,2018-10-07 18:43:19,2018-10-07 18:48:24,abb1b00d99
5c5e947fb7e19550b6fc24f664b7cad2,ridesafe,71,7,7,6,6,7,,,2018-10-07 18:40:17,2018-10-07 18:48:16,8143c157ee
5f15abbc228e879b3ff9ae033b5a1cb0,Ridesafe,71,8,8,8,8,8,,,2018-10-07 18:40:04,2018-10-07 18:48:13,1fb3e4a7cd
85b79ed80876600394be25aabbf2d723,A device to detect the person is in the room ,43,7,7,4,3,7,They learnt everything on the spot. Really bad delivery.,,2018-10-07 18:45:25,2018-10-07 18:48:09,e1de7db634
36adbf69f494bb83bd82402c1d506e08,Toxicity,54,8,6,5,7,5,Fun but not really impactful,,2018-10-07 18:41:33,2018-10-07 18:48:05,7cf0b98988
1525ac3c3d93b4abb36a096412cdbf26,Capital Connect,33,4,7,6,7,8,"Well built app, but basically like any financial app out there. Not full stack",,2018-10-07 18:45:18,2018-10-07 18:48:00,4279b6a7ee
14ecd14cd1e2e15167d54cc2a48ad253,AlphaBetaGama,16,1,1,1,1,1,Bad,,2018-10-07 18:43:19,2018-10-07 18:47:34,0f740b4cf0
22ae40cf72a9c0ee14eaab0b8f9ed380,Weather or Not,53,4,5,3,4,4,Used Accuweather API to get weather for week for cities and merged that with flight costs scrapped from google flights presented on a website,,2018-10-07 18:41:13,2018-10-07 18:47:26,4e518012d4
9c81d37940b300686cf22e47c16d1247,NFL Team Selection,19,4,5,8,7,8,Pretty basic ,,2018-10-07 18:44:04,2018-10-07 18:47:16,ce9e2e554b
9a3e1473a0cd36c6cac4d946c7b3cf2c,Andrew,81,2,2,2,2,2,Here but impl failed,,2018-10-07 18:45:46,2018-10-07 18:47:11,3b50f91b37
e1e91beae0e74419d69d7b31bb978900,Budget Crusher,52,5,4,6,5,5,,ü§Æ,2018-10-07 18:44:15,2018-10-07 18:47:08,36957ee35f
e99fb76792949819d6174d4e256c9630,...,28,1,1,1,1,1,No show,,2018-10-07 18:46:05,2018-10-07 18:46:51,f6c5f534fc
8ef861314b6b9cfa673d8314945d8867,Aranger assistant,63,6,7,5,7,6,,,2018-10-07 18:38:46,2018-10-07 18:46:25,80c138e2e6
bb51faf437757d4058e82c38b64dddd7,Behrend Blocks,32,6,7,7,8,8,,,2018-10-07 18:42:47,2018-10-07 18:46:16,3e44d83f38
9939c2e0218f1eaab7d4fe0ea08fceda,Nathan,84,8,3,5,9,6,Did a project he was clearly passionate about. Was upfront about lack of experience and his struggles. Produced something he‚Äôs proud of given he had minimal prior coding experience,,2018-10-07 18:31:41,2018-10-07 18:46:13,8fdd791ab4
35025ee1d81dc074959b491b3d2867b3,...,27,1,1,1,1,1,No show,,2018-10-07 18:45:26,2018-10-07 18:46:01,f6c5f534fc
2c623736e94de45845275302f8659f05,????,80,1,1,1,1,1,Not here,,2018-10-07 18:45:17,2018-10-07 18:45:44,3b50f91b37
5628581a69aa23d55a9e4bf764dd996c,Beginner Winners,61,7,6,8,7,8,J.p. morgan Challenge. super relatable to us.,,2018-10-07 18:38:10,2018-10-07 18:45:42,76ea168141
9c0fa1320eaaee7cbf4b13dcf2d0ee2b,41,41,2,3,5,3,4,Not visually appealing. There was a better api to use that accuweather person pointed out,,2018-10-07 18:40:07,2018-10-07 18:45:30,61c397e1b5
da6801845f37e4ebb3ff5c072ecc7bb8,Not sure their name ,42,3,7,2,2,8,I don‚Äôt know where they would use the project. ,,2018-10-07 18:44:10,2018-10-07 18:45:22,e1de7db634
20df0ea5a1a196c8bbfee698fb665d74,Today in history Alexa skill,25,4,6,6,6,6,Seems a bit boring! But cool,,2018-10-07 18:38:36,2018-10-07 18:45:13,1b1302423e
6412a0397e8427364b24872c3e4fe8d1,Prra,79,7,8,7,10,9,"Great presentation, no front end, but that R tho...",,2018-10-07 18:38:00,2018-10-07 18:45:13,3b50f91b37
1856210dc80686b198828019be2a5cd2,Square race,26,5,7,5,8,9,"First time using c#. Plain, not too many features implementated to become a game-type of simulation",,2018-10-07 18:40:22,2018-10-07 18:45:06,f6c5f534fc
ad13bc8e059fa60e3817ee97cfd8fdd2,Peerskills,49,3,2,2,5,3,Just collected data of most used languages featured on resumes and then made charts,,2018-10-07 18:38:32,2018-10-07 18:44:55,3ffc6f548d
6962e76e60440091cb39793aff143b77,MaintainFlow,34,9,7,9,9,7,"Interesting idea , great implementation. Very cool future potential",,2018-10-07 18:39:32,2018-10-07 18:44:40,4279b6a7ee
ff04210d53feed7908f1ed0d1a01d28f,Can I go Outside,44,4,5,7,7,6,High school students with no prior experience. Awesome team!,,2018-10-07 18:40:41,2018-10-07 18:44:25,f92fcd151a
fa153566c838a7f7b66a7d6eda5ed15f,Mountain saver,31,4,4,5,5,6,First time making pie chart with java,,2018-10-07 18:37:40,2018-10-07 18:44:19,78ebad9c87
34c989f8e545b2df26f75b3a40e9e069,Vacant ,22,1,1,1,1,1,,,2018-10-07 18:43:25,2018-10-07 18:43:55,0e59ed0a0c
8c041ff8892786aaa569921d78d09210,Picture us later ,37,3,1,1,5,4,They used an API that grabbed the text from the image and it didn‚Äôt seem like it worked with small deviations. ,,2018-10-07 18:37:47,2018-10-07 18:43:16,abb1b00d99
488d71eb6edacffd0cd335cea26fcd06,Vacant ,21,1,1,1,1,1,,,2018-10-07 18:42:51,2018-10-07 18:43:12,0e59ed0a0c
020ee82a6dd4a2f0aea884e127dbc6a3,None,19,1,1,1,1,1,None,,2018-10-07 18:42:46,2018-10-07 18:43:09,8e1add7aa9
5e3ce2ab8118e363c3a1c8504d6ca93c,Uniinsights,76,8,6,6,8,7,"Nice useful project, ","   ",2018-10-07 18:39:09,2018-10-07 18:43:04,b0d756e951
4806b2306f993b6f7594281dec91e840,Vacant ,20,1,1,1,1,1,,,2018-10-07 18:42:17,2018-10-07 18:42:49,0e59ed0a0c
07386519fc4b8a78c2d6e763f5e38e1a,None,22,1,1,1,1,1,None,,2018-10-07 18:42:19,2018-10-07 18:42:43,8e1add7aa9
af665512606af4e84776d51e729971d7,CapitalConnect,33,8,7,4,6,6,,,2018-10-07 18:38:10,2018-10-07 18:42:42,3e44d83f38
38ab4800b35266fd541de7564694953b,Smart class alarm clock,70,3,4,4,5,4,,,2018-10-07 18:35:42,2018-10-07 18:42:31,d598f4f032
a084c30495b93501f112be44c93233f9,Beep_boop,17,4,3,2,4,5,Not anything special ,,2018-10-07 18:41:51,2018-10-07 18:42:29,0f740b4cf0
8bb4913a13d0237710856e65565722e1,NFLTEAMSELECTION,19,4,7,6,8,9,Fantastic job ,,2018-10-07 18:35:16,2018-10-07 18:41:57,0e59ed0a0c
5adbc9dc1d68dc287ae36d302a9e02e7,None,21,1,1,1,1,1,None,,2018-10-07 18:40:27,2018-10-07 18:41:46,8e1add7aa9
8ca220cde987e673918d6ff34d8e7481,WeatherOrNot,53,5,7,6,8,6,Standard but well don,,2018-10-07 18:36:16,2018-10-07 18:41:29,7cf0b98988
3db37784dfb030196be41ce6f1ac0a46," Budget crusher",52,3,3,4,4,4,Used google cloud vision to read receipts and then python to format data,,2018-10-07 18:34:10,2018-10-07 18:41:00,4e518012d4
0175636c4d3503567d05839e1340b3d3,klique,73,8,7,8,10,10,,,2018-10-07 18:34:10,2018-10-07 18:40:53,f9df8b4480
4645f0a1ba57107ec6f82d5f04a7056e,asFAFAFASFDAF,43,1,1,1,1,1,Not present,,2018-10-07 18:40:08,2018-10-07 18:40:39,f92fcd151a
fb2b1f2a98e258adbd83b0c539514839,TCP Tech Toe,18,5,5,6,7,9,Did it for a class and was really passionate about it,,2018-10-07 18:36:15,2018-10-07 18:40:23,8e1add7aa9
ddf35d84f46e12b908ae875d99bc5ff1,Gorillainoares,45,3,8,3,6,6,Front design looks nice but doesn‚Äôt actually work. Not complete. ,Doesn‚Äôt actually work ,2018-10-07 18:32:34,2018-10-07 18:40:23,54123a7b08
ace7c9f94da8cc2c77af930ab8f6e4f6,"Today in history, alexa scale",25,5,4,4,7,6,Fun fact generator. Can pull data from other websites in future implementation. Only one source of facts.,,2018-10-07 18:36:02,2018-10-07 18:40:17,f6c5f534fc
275bc2435359a92ba7be4c8ec9ac7e18,Whtther app,41,7,8,7,8,8,The team has no knowlegde in JavaScript before this project they started from 0 as sophomores.,,2018-10-07 18:36:25,2018-10-07 18:40:10,e1de7db634
a8deeedb0f69dc347336f6a093cb16d3,Flag.go,42,8,6,7,8,4,Kinda silly but learned the whole stack in 24 hours,,2018-10-07 18:33:55,2018-10-07 18:40:06,f92fcd151a
48a779ddad0dd25c0efc055fb72f4240,Vader,72,7,8,7,6,8,,,2018-10-07 18:30:57,2018-10-07 18:40:00,1fb3e4a7cd
cbec98e8bf1444976c6cf7795aa55939,Haiku something ,40,3,3,2,3,4,Did not finish,,2018-10-07 18:34:33,2018-10-07 18:39:29,61c397e1b5
108eb9b1f64e5b34e15659e565ce7460,CourseCat,35,7,8,8,8,7,Full stack. Not a very interesting projecg,,2018-10-07 18:34:28,2018-10-07 18:39:28,4279b6a7ee
7cc4884baa0f2f6695b863d2ff1ea819,Vader,72,5,4,5,7,6,,,2018-10-07 18:31:16,2018-10-07 18:39:28,8143c157ee
53bd4570eb87ee01054e33ad66f47584,Aioda,50,8,10,10,8,10,I would use this,üòä,2018-10-07 18:30:20,2018-10-07 18:39:09,36957ee35f
99c95ab19f65923d646b5f48d45b4715,Draw plate,75,1,3,4,7,3,Ugh...a drawing app for squares and lines,"   ",2018-10-07 18:35:14,2018-10-07 18:39:06,b0d756e951
dbd41b1aaa6a2bccf0ff4638d14e2dcb,A S T H E T I C,62,7,9,7,8,7,I think he was on a team by himself and his hack seemed pretty complex for a team of one! Overall it was great,,2018-10-07 18:31:19,2018-10-07 18:38:43,80c138e2e6
629b631a2d03965c2aa0d3b271cb73a1,Procedural Art Generation,24,6,4,3,6,6,"Interesting, but I‚Äôd like to see more customization ability.",,2018-10-07 18:34:37,2018-10-07 18:38:32,1b1302423e
10c976227902447a8378e42f183b9188,Instatue,47,3,3,3,5,3,"autogrades short answer essays, very bare bones",,2018-10-07 18:34:20,2018-10-07 18:38:29,3ffc6f548d
03fbe222f6423982da8eb7be1971e186,MaintainFlow,34,6,7,8,9,8,,,2018-10-07 18:34:36,2018-10-07 18:38:07,3e44d83f38
1ae861d90e1b5faaf886c399b9d4a6ef,PSU Weather APP,60,6,6,4,5,5,He didn‚Äôt complete his app,,2018-10-07 18:33:39,2018-10-07 18:38:06,76ea168141
48f978a499b63bb0aa1a4785baadbbea,???,78,1,1,1,1,1,Not here,,2018-10-07 18:37:30,2018-10-07 18:37:57,3b50f91b37
873378ffeec3bc899ccf5a2e306767fa,CourseCat,35,7,7,8,9,8,"Not that original, small change to what we already have. But very helpful in simplifying selecting courses. Kinda like ios",,2018-10-07 18:20:21,2018-10-07 18:37:44,abb1b00d99
73ad1048eb2b83832f99e3032b056083,No show,27,1,1,1,1,1,No show,,2018-10-07 18:33:58,2018-10-07 18:37:30,78ebad9c87
0261a7a128e84afe33e9f1270abafdba,ShelterMe!,77,6,7,8,9,9,"Not technically challenging, but very well done",,2018-10-07 18:33:39,2018-10-07 18:37:26,3b50f91b37
cc139589dd4b6d9e6f89ad0c1ee667df,Can I go outside,44,4,5,4,6,4,,,2018-10-07 18:34:32,2018-10-07 18:36:12,e1de7db634
613cbc06e2c361da518fb89967f5cc23,None,2,8,8,7,7,9,None,None,2018-10-07 18:30:14,2018-10-07 18:36:10,8e1add7aa9
7a26429a2b597511d094392ca35d26e9,Procedural Art Generation,24,3,3,3,5,3,Mix of art and coding,,2018-10-07 18:29:54,2018-10-07 18:35:58,f6c5f534fc
c515277730239cbadfde6dfa1afa951b,Free time ,69,6,5,6,6,8,,,2018-10-07 18:31:16,2018-10-07 18:35:40,d598f4f032
16bf864fe1279f2c3cd5d3fcd3c6aa27,Tcptactoe,18,3,4,2,4,6,,,2018-10-07 18:27:33,2018-10-07 18:35:13,0e59ed0a0c
335884f2701995a34ba16aede78414e4,LL pearl,74,6,7,9,10,8,"Working demo, nice pitch, not most origin idea","   ",2018-10-07 18:29:39,2018-10-07 18:35:09,b0d756e951
d897d1090d71f2927c538dd866940988,CourseCat,35,5,5,9,9,8,"Good job, very clean, clear, and effective. However it's not extremely creative or technically challenging. ",,2018-10-07 18:30:44,2018-10-07 18:34:31,3e44d83f38
2f44df4749a2b07057929d86ebb92add,Kidnopoly ,39,5,3,4,5,5,Did not finish,,2018-10-07 18:30:18,2018-10-07 18:34:29,61c397e1b5
e6d080e55cd57da45e311eec4b24ec06,Funding Algorithmic Training Bot(?),23,5,4,6,6,4,Nice functionality of the buy function.,,2018-10-07 18:22:56,2018-10-07 18:34:27,1b1302423e
668b783cab83a37c752112803a71f8e4,Picture Translator,37,7,7,6,8,7,Did a great job for their first hackathon,,2018-10-07 18:30:40,2018-10-07 18:34:20,4279b6a7ee
af6b6d6a7d058b7035f5dd198fddddf2,Aioda,50,4,4,3,7,5,Classic AI advisor,,2018-10-07 18:19:21,2018-10-07 18:34:17,3ffc6f548d
aca510ef16776b29f93378b14324c051,RideSafe,71,9,9,8,8,10,,,2018-10-07 18:26:53,2018-10-07 18:34:06,f9df8b4480
b8347f45334fc02a99a8e0b650cab28b,Trigger Happy,11,5,6,5,6,6,,,2018-10-07 18:21:10,2018-10-07 18:34:04,4e518012d4
52aff238738622adc330f31fd7ed161b,Square race,26,4,4,8,9,7,Learned everything on site,,2018-10-07 18:23:50,2018-10-07 18:33:52,78ebad9c87
4834fed022d1428392f42c11f05de1dd,The Weather App,41,6,6,8,8,6,Great learning effort.,,2018-10-07 18:19:49,2018-10-07 18:33:49,f92fcd151a
218cfbbdaffd51242f98e5afe79a6a23,Natural disaster ,38,5,7,8,6,7,,,2018-10-07 18:30:05,2018-10-07 18:33:41,e1de7db634
f1a929bee4897e1233a165c46497a980,Unilnsights,76,7,8,8,8,9,,,2018-10-07 18:19:37,2018-10-07 18:33:35,3b50f91b37
1c87162eb4d5ab3578239f2d2fd94cbe,Stop Breaks,58,4,6,6,6,7,"they‚Äôre here for a 100 level class, so it wasn‚Äôt much and i didn‚Äôt really expect much, but it wasn‚Äôt bad tbh",,2018-10-07 18:19:08,2018-10-07 18:33:29,76ea168141
1106fb5e1e732439144a355dcb99c7a0,Can I go outside?,44,4,4,6,4,7,Neat idea for lazy people,Nothing,2018-10-07 18:27:06,2018-10-07 18:32:28,54123a7b08
dd2b442d492b541c375540fb9d670614,Beginnerwinners,61,8,6,7,9,8,Hack was an great idea for a great cause,,2018-10-07 18:19:07,2018-10-07 18:31:16,80c138e2e6
b51a623a968a46ce15e6e6c68655ebd3,Draw plate ,75,3,4,5,4,6,,,2018-10-07 18:19:07,2018-10-07 18:31:10,d598f4f032
c5e2e65dd7d38ac34738a81a289a5f75,Freetime ,69,6,6,7,7,7,,,2018-10-07 18:20:46,2018-10-07 18:30:59,8143c157ee
5fbc745ef7756525bb6ade5412324af2,Andrew,81,1,2,2,3,3,Ran out of time; had to do his 473 homework,,2018-10-07 18:26:13,2018-10-07 18:30:50,8fdd791ab4
51c2572538b097d47ef7c9f7c2a27d10,Freetime,69,7,7,7,7,8,,,2018-10-07 18:20:40,2018-10-07 18:30:47,1fb3e4a7cd
2912e02ac6bf15f42bdbc86dea2a6711,Kidnopoly,39,4,6,5,8,7,Loved the connection to STEM education,,2018-10-07 18:19:14,2018-10-07 18:30:37,4279b6a7ee
184f62710b94a02d673e7d6890e15acc,36,36,1,1,1,1,1,,,2018-10-07 18:29:59,2018-10-07 18:30:31,3e44d83f38
090656ed4cfa18d4457dd7f0edb5cbf7,38,38,5,6,5,7,7,,,2018-10-07 18:22:34,2018-10-07 18:30:16,61c397e1b5
5da36ba67ba1f02167da2af49c99c7bb,AutoCAD 2,1,9,10,10,10,10,Super cool,,2018-10-07 18:21:29,2018-10-07 18:30:09,8800b30025
24b814b39be5f28f642b12472608aa4b,Picture translator,37,5,7,8,5,6,Only script. No ppt.,,2018-10-07 18:19:11,2018-10-07 18:30:01,e1de7db634
01c3f9802d6c1b5edfaa255121d89dbd,Picture translator ,37,3,5,4,6,4,"Works well, but overall a really simple project that didn't add much onto to the API",,2018-10-07 18:19:19,2018-10-07 18:29:55,3e44d83f38
a9cfded68481ee1d6d65543297cc999d,Chore.store,48,8,9,8,10,9,Interesting idea worth looking at,üëç,2018-10-07 18:21:22,2018-10-07 18:29:54,36957ee35f
a113883d4ff74f30525023cbb5546b82,...,22,1,1,1,1,1,No show,,2018-10-07 18:28:48,2018-10-07 18:29:48,f6c5f534fc
211e9b0504d30cbae3cd98c9a6ff212e,Klique,73,7,8,4,10,8,"Nice idea, simple, no real demo,","  ",2018-10-07 18:19:38,2018-10-07 18:29:36,b0d756e951
0aa30347053c1c5b3cbe28ce4cd2d55f,...,21,1,1,9,1,1,No show,,2018-10-07 18:19:03,2018-10-07 18:28:44,f6c5f534fc
a3687736d7603f60e159a329e59518b8,Not at table,43,1,1,1,1,1,43 was not at the table at 2:26pm,No show at table ,2018-10-07 18:21:29,2018-10-07 18:27:03,54123a7b08
